Time,K0_P1,K1_P1,K0_P2,K1_P2,K0_P3,K1_P3,K0_P4,K1_P4,K0_P5,K1_P5,K0_inf,K1_inf
0.0,0.0,1.0,0.0,2.0,0.0,0.5,0.5,1.0,-0.2,0.8,0.41421356237309437,0.681792830507428
0.05025125628140704,-0.003509215143054501,0.9089280585709386,-0.008863924277321583,1.695054194756322,-0.0015235030232199189,0.488385969050541,0.4003889342214032,0.867834122433897,-0.21816270887952194,0.7622072397769548,0.41421356237309437,0.681792830507428
0.10050251256281408,-0.013054418687437888,0.8343953400446003,-0.031509767650669554,1.4642000700442077,-0.005878945084073651,0.4786664961071041,0.3025100331226921,0.7672083157695656,-0.2379905374791095,0.732295598964183,0.41421356237309437,0.681792830507428
0.15075376884422112,-0.02738206282199484,0.773531089690139,-0.06361388133802932,1.2866563040390036,-0.012752698801243526,0.47081778351015985,0.2064634564542624,0.6918152884253951,-0.25882137492900353,0.7090050487128773,0.41421356237309437,0.681792830507428
0.20100502512562815,-0.04547774647387565,0.7241190188516431,-0.10219526123718439,1.1488501378436153,-0.02184647535968006,0.46479862193655685,0.11238083675843186,0.6375679401743943,-0.2801955801268674,0.6913884678867666,0.41421356237309437,0.681792830507428
0.2512562814070352,-0.06650617821656551,0.6844052771372554,-0.14506663846928228,1.0415500752255233,-0.03287860965884855,0.46055541863073257,0.02067851298655682,0.6006999114071954,-0.3016980375765327,0.6785892922375545,0.41421356237309437,0.681792830507428
0.30150753768844224,-0.08973429232772567,0.6529291211440245,-0.19061597287030282,0.9583101647848479,-0.04557089311924985,0.458005093570937,-0.06792893589876986,0.5776904842250932,-0.3229380906921563,0.6698161544328938,0.41421356237309437,0.681792830507428
0.35175879396984927,-0.11452113346738058,0.6284863025098564,-0.2374497193998678,0.8941516364105944,-0.05965682776890026,0.4570512096952043,-0.15252030364615943,0.5654553470705307,-0.3435495417982207,0.6643428840563852,0.41421356237309437,0.681792830507428
0.4020100502512563,-0.1403388165337572,0.610092693654581,-0.284423268497582,0.845354582265359,-0.0748870802450329,0.4575939809721344,-0.23265595578177195,0.5625022059210536,-0.3631906521295338,0.661508507607578,0.41421356237309437,0.681792830507428
0.45226130653266333,-0.16672720868382074,0.5968987028478826,-0.33070086590096853,0.8091783629303798,-0.09102948179409769,0.4595302724008931,-0.3078529450477424,0.5672586924342352,-0.3816238649518607,0.6607939091190796,0.41421356237309437,0.681792830507428
0.5025125628140704,-0.1932608230411012,0.588134778961777,-0.3755299912045835,0.7832887778229096,-0.10786926155073769,0.46275555530811063,-0.3776041142119441,0.5781304346036162,-0.3987673389501317,0.6618294873371556,0.41421356237309437,0.681792830507428
0.5527638190954774,-0.2195487633068076,0.5831112982116423,-0.41820550812780066,0.7656599760789127,-0.1252019284789061,0.4671632138498466,-0.4414326351356595,0.5936272587806787,-0.41454093478608606,0.6642487404798385,0.41421356237309437,0.681792830507428
0.6030150753768845,-0.245237136406784,0.5812186981394984,-0.4581061906912471,0.754599151784605,-0.14282290337937054,0.4726073110400892,-0.49889636405809645,0.6123702389530133,-0.4288799648298387,0.6677164675583276,0.41421356237309437,0.681792830507428
0.6532663316582915,-0.2700570865642551,0.5819401963399292,-0.4948763953334365,0.7488385631839033,-0.16054476685869054,0.4789441293752587,-0.5497522962265273,0.6332511202476044,-0.4417351953232922,0.67192877084125,0.41421356237309437,0.681792830507428
0.7035175879396985,-0.29381196295889445,0.58482575139078,-0.5282799817434662,0.7473012315493436,-0.17819950906284204,0.48603988624018596,-0.5940177038268689,0.6553922095356359,-0.4530728463801367,0.6766130558546608,0.41421356237309437,0.681792830507428
0.7537688442211056,-0.31632898713993796,0.5894585578908725,-0.5581205751302332,0.7489983920129216,-0.1956385296772173,0.4937707339081123,-0.6317821310002166,0.677998711013444,-0.4628745919858499,0.6815280313820425,0.41421356237309437,0.681792830507428
0.8040201005025126,-0.33745771947426983,0.5954539401412889,-0.5842416455859882,0.7530291949565032,-0.2127326379266248,0.5020227595406898,-0.6631944327957551,0.700358562693294,-0.4711412811708513,0.6864683538190909,0.41421356237309437,0.681792830507428
0.8542713567839196,-0.3570700591464223,0.6024593521453712,-0.6065265080863362,0.758580706011824,-0.22937205257528945,0.5106919851879808,-0.688462775170758,0.7218424364033811,-0.47794525955277567,0.6913051406667199,0.41421356237309437,0.681792830507428
0.9045226130653267,-0.37506024415857586,0.6101543776087214,-0.6249480721849189,0.7649960722718755,-0.24546607632621578,0.5196844040311913,-0.7078546349905884,0.7419037377878294,-0.4834043198282074,0.6959523182596101,0.41421356237309437,0.681792830507428
0.9547738693467337,-0.3913459395990735,0.6182532242302711,-0.6396959737288126,0.7718692165229608,-0.26091402785275897,0.5289086841985536,-0.7217156205379649,0.7601418177166194,-0.48762986764019284,0.7003348453890563,0.41421356237309437,0.681792830507428
1.0050251256281408,-0.40591353711870687,0.6265404484316461,-0.6510045702377404,0.7788505186674386,-0.275642175186939,0.5382499545065083,-0.7305880169811335,0.7764254164534795,-0.4907255228470643,0.7043884727115102,0.41421356237309437,0.681792830507428
1.0552763819095479,-0.4188213055553519,0.6348512192253687,-0.6591058889837949,0.7856319401795059,-0.2896065325429478,0.547598167870912,-0.7350589108333728,0.7906837943783811,-0.4927871195224397,0.7080597427485802,0.41421356237309437,0.681792830507428
1.105527638190955,-0.43013368479571934,0.6430392065523403,-0.6642296522429142,0.7919471240645091,-0.30277246459655904,0.5568572150104701,-0.7356733133770106,0.80287584116878,-0.49390270595522295,0.7113059898870318,0.41421356237309437,0.681792830507428
1.155778894472362,-0.43991699719281974,0.6509763106211724,-0.6666032772948818,0.7975713948589441,-0.31511468648512825,0.5659449244467369,-0.7329339858613594,0.8129903052261667,-0.49415254464960373,0.714095340378787,0.41421356237309437,0.681792830507428
1.206030150753769,-0.44823944756596357,0.658552661908187,-0.6664518764233266,0.8023217586304564,-0.3266172638075927,0.5747930625041148,-0.7273014395027172,0.8210457936760663,-0.49360911444352085,0.7164067109532386,0.41421356237309437,0.681792830507428
1.256281407035176,-0.4551711232007608,0.6656766211574154,-0.6640186765687031,0.8060805993188841,-0.33727361262447136,0.5833473333098544,-0.7191939354843667,0.8270907723680384,-0.4923590538893321,0.7182324585055652,0.41421356237309437,0.681792830507428
1.306532663316583,-0.4607839938491214,0.6722747793805997,-0.6596370004714454,0.8088636073111503,-0.34708649945786507,0.5915673787940557,-0.7090016132824652,0.8312058083550634,-0.490526204173209,0.719605771493731,0.41421356237309437,0.681792830507428
1.35678391959799,-0.465151911729255,0.6782919578571918,-0.6536378553919856,0.8107157292007042,-0.35606804129145647,0.5994267786896663,-0.6971719464520132,0.8335592594194974,-0.4882234785672141,0.7205708470670898,0.41421356237309437,0.681792830507428
1.407035175879397,-0.4683607476541419,0.6836906340252168,-0.6463146327732611,0.8116804470179062,-0.3642397055705097,0.6069130505324829,-0.6841292680852642,0.8343727207130804,-0.4855499584948825,0.721167189222911,0.41421356237309437,0.681792830507428
1.4572864321608041,-0.4705432319417876,0.6884768725735891,-0.6379231224665719,0.8117998617123584,-0.3716323102018712,0.6140276496611504,-0.6702387592959215,0.8338459489332076,-0.482590893531222,0.721429608806379,0.41421356237309437,0.681792830507428
1.5075376884422111,-0.47183515123209624,0.6926774977533299,-0.628681512731582,0.811114693152905,-0.37826455364994127,0.6207523128521139,-0.6558078157831714,0.8321544171066491,-0.47941770140271267,0.7213882235105932,0.41421356237309437,0.681792830507428
1.5577889447236182,-0.47235858522851876,0.696318687083911,-0.6187703902363183,0.8096642801276317,-0.38415562696106875,0.6270380481237992,-0.6410860478316824,0.8294493145895498,-0.4760879679873075,0.7210684578765687,0.41421356237309437,0.681792830507428
1.6080402010050252,-0.47222190267130665,0.6994259324885296,-0.6083327400571712,0.8074865803438667,-0.38937015709797235,0.6328894618713782,-0.6262652803116058,0.8258575470674301,-0.4726454473144318,0.7204910432932357,0.41421356237309437,0.681792830507428
1.6582914572864322,-0.47151976133751217,0.7020240402941086,-0.5975238780845485,0.8046341805463716,-0.39396861431133795,0.6383141150794257,-0.6114795526785751,0.8214817365551846,-0.4691200615649835,0.7196720179974394,0.41421356237309437,0.681792830507428
1.7085427135678393,-0.47033310804098816,0.7041371312312962,-0.5865386789900382,0.8012206690333826,-0.3980063443482939,0.6433212847414603,-0.5968481195159983,0.8164159934579902,-0.46553468846763774,0.7186244025141743,0.41421356237309437,0.681792830507428
1.7587939698492463,-0.4687291786323881,0.705788640434466,-0.5755310970952632,0.7973620602162518,-0.4015335684524109,0.6479219638599443,-0.5825619341991555,0.810818621125895,-0.4619526568804736,0.7173829691421066,0.41421356237309437,0.681792830507428
1.8090452261306533,-0.46676149799916616,0.707001317441717,-0.5646306020633882,0.7931577760713978,-0.4045953833637021,0.6521288614462835,-0.5687350961597105,0.804848032507053,-0.4584200808218292,0.7159960344408667,0.41421356237309437,0.681792830507428
1.8592964824120604,-0.46448041935681,0.7077980601853657,-0.553942181709729,0.7886906460936314,-0.40723176131862315,0.6559564025208275,-0.555457261067792,0.7986388354626388,-0.4549713782885456,0.7145058205689095,0.41421356237309437,0.681792830507428
1.9095477386934674,-0.46197469251248346,0.7082218488365678,-0.5435463420017516,0.7840269072961542,-0.40947755005007197,0.65942072811287,-0.5427977585788792,0.7923023526930012,-0.45163502347264806,0.7129482192332459,0.41421356237309437,0.681792830507428
1.9597989949748744,-0.4593164811898422,0.7083308372970178,-0.5334991070590729,0.7792162042105601,-0.41136247278738897,0.6625396952606478,-0.5308055923338022,0.785926621737663,-0.4484335467613456,0.7113527916894424,0.41421356237309437,0.681792830507428
2.0100502512562817,-0.45656660413233985,0.7081770361351936,-0.5238320191534607,0.7742915888868344,-0.41291112825635695,0.6653328770113418,-0.5195094399587415,0.7795763949753213,-0.44538353473703146,0.7097427687416211,0.41421356237309437,0.681792830507428
2.0603015075376887,-0.45377684681479774,0.707805594719577,-0.5145521387088334,0.7692695208933539,-0.41414299067920113,0.6678215624210764,-0.5089176530652287,0.7732931396238469,-0.44249563017728283,0.7081350507424599,0.41421356237309437,0.681792830507428
2.1105527638190957,-0.45098996144340464,0.7072548012186548,-0.5056824301241202,0.7641719395188542,-0.4150861853144038,0.6700205887968258,-0.4990182572501458,0.7670950377402854,-0.439774532054861,0.706540207593192,0.41421356237309437,0.681792830507428
2.1608040201005028,-0.44823966695571704,0.7065560826009173,-0.49729317929712935,0.7590740892537933,-0.41579450451164185,0.6719431335586289,-0.4897789520957257,0.7609769862208557,-0.4372189955377112,0.7049624787436065,0.41421356237309437,0.681792830507428
2.21105527638191,-0.44555064902065894,0.7057340046348599,-0.4893938708732768,0.7540366516726033,-0.41630641913316163,0.6736193261390047,-0.48120498459986866,0.7549658349725376,-0.43482183198896274,0.7033997731920482,0.41421356237309437,0.681792830507428
2.261306532663317,-0.44293856003852194,0.7048062718889819,-0.4819881395732629,0.749109813154363,-0.4166558588829529,0.6750768792280953,-0.47334041603085436,0.7491574400119926,-0.43256990896692893,0.7018436694854171,0.41421356237309437,0.681792830507428
2.311557788944724,-0.4404100191409652,0.7037837277317874,-0.4750755357046071,0.7443339031374291,-0.4168726691057087,0.6763406699928606,-0.46614185076229614,0.7435833415290521,-0.4304740461387784,0.7003000121758369,0.41421356237309437,0.681792830507428
2.361809045226131,-0.4379626121910156,0.7026703543317844,-0.4686515251616471,0.7397393941194362,-0.4169826107868246,0.6774327400770784,-0.45956727550093357,0.7382678779057857,-0.4285637471419127,0.6988017527736787,0.41421356237309437,0.681792830507428
2.412060301507538,-0.43561521037942524,0.7014785324321039,-0.46270748942553963,0.7353469016572965,-0.4170073605523991,0.6783722956013446,-0.4535776146310632,0.7332294474030169,-0.42682446581189804,0.6973605932974047,0.41421356237309437,0.681792830507428
2.462311557788945,-0.4334050104674434,0.7002447045208927,-0.45723072556425987,0.7311671843672002,-0.4169645106692338,0.6791757071630726,-0.4481367302145386,0.7284805081603225,-0.42524215094096135,0.6959859459652664,0.41421356237309437,0.681792830507428
2.512562814070352,-0.43133275500977425,0.6989950775492693,-0.45220444623260175,0.727201143924615,-0.4168675690448328,0.6798565098364943,-0.44321142199077024,0.7240275781960335,-0.42380387279470594,0.6946852868783023,0.41421356237309437,0.681792830507428
2.562814070351759,-0.429398130503419,0.6977520989927392,-0.447607779672178,0.7234398250642865,-0.4167259592274033,0.6804254031726589,-0.43877142737672586,0.7198712354072344,-0.4224978231121112,0.6934641560203381,0.41421356237309437,0.681792830507428
2.613065326633166,-0.4276000556022202,0.6965345606582094,-0.4434157697114198,0.7198644155802381,-0.41654502040585534,0.6808902511994339,-0.43478942146692995,0.7160061175697635,-0.4213133151055327,0.6923261572579855,0.41421356237309437,0.681792830507428
2.663316582914573,-0.4259366811168616,0.6953575986839887,-0.43959937576557717,0.7164462463257711,-0.41632600740980175,0.6812560824215046,-0.43124101703346424,0.7124209223382127,-0.4202407834607023,0.6912729583406437,0.41421356237309437,0.681792830507428
2.71356783919598,-0.42440539001486877,0.6942326935397874,-0.436151604208222,0.7131909669391956,-0.4160692712439129,0.6815260666446042,-0.4281047645259673,0.709098407245928,-0.4192717843367279,0.6903042909004984,0.41421356237309437,0.681792830507428
2.763819095477387,-0.4230027974206083,0.6931676700267179,-0.43307966493142125,0.7101530836240824,-0.41580554800951997,0.681715595940441,-0.4253621520716348,0.7060153897050084,-0.4183989953660937,0.689417950452522,0.41421356237309437,0.681792830507428
2.814070351758794,-0.4217247506152886,0.6921666972772936,-0.4303461202921717,0.707327304540249,-0.4155463779860214,0.6818414930465383,-0.4229964400779769,0.7031499826553469,-0.41761621565466,0.688609796394474,0.41421356237309437,0.681792830507428
2.864321608040201,-0.42056632903695906,0.6912302887554302,-0.4279161380207554,0.704706746884669,-0.41529457889768767,0.6819173905208562,-0.42097417189180036,0.7005352629065859,-0.41691836578166336,0.6878737520069004,0.41421356237309437,0.681792830507428
2.9145728643216082,-0.4195218442805109,0.6903553022564449,-0.4257583449299131,0.702284187565771,-0.41505260022076207,0.6819553646583333,-0.4192533265019686,0.6981648434317209,-0.41630148779971643,0.6872018044531342,0.41421356237309437,0.681792830507428
2.9648241206030153,-0.41858484009767655,0.6895349399070565,-0.4238448269148437,0.7000520632034384,-0.41482252318346025,0.6819659354908866,-0.4177962319674475,0.6960202346982993,-0.41576274523480816,0.6865840047792952,0.41421356237309437,0.681792830507428
3.0150753768844223,-0.4177480923970299,0.6887587481653854,-0.4221511289532048,0.6980024701290098,-0.4146060607659705,0.681958066787412,-0.41656913111564253,0.6940843331617698,-0.4153004230863036,0.6860084679142897,0.41421356237309437,0.681792830507428
3.0653266331658293,-0.4170036092439863,0.6880126178209538,-0.4206562551051123,0.6961271643852791,-0.4144045577004538,0.6819391660537836,-0.4155421815423997,0.6923414212654829,-0.41491392782694403,0.6854613726698112,0.41421356237309437,0.681792830507428
3.1155778894472363,-0.4163442227826834,0.6872821422531573,-0.4193426685131406,0.694417561726495,-0.41421899047104366,0.6819150845328543,-0.41468945561200454,0.6907771674406915,-0.41460252876980547,0.6849439014475707,0.41421356237309437,0.681792830507428
3.1658291457286434,-0.41578391462364495,0.6866043029791016,-0.41819629140232256,0.6928647376183616,-0.4140499673138462,0.6818901172044554,-0.41398894045718276,0.6893786261065498,-0.41435754754240206,0.6844875039257822,0.41421356237309437,0.681792830507428
3.2160804020100504,-0.41531610785794976,0.6859902762801589,-0.41720650508014945,0.691459427238038,-0.41389772821694015,0.6818670027853969,-0.4134225379791001,0.688134237670114,-0.41416767930229276,0.6840866497069213,0.41421356237309437,0.681792830507428
3.2663316582914574,-0.4149263609482322,0.6854343720666296,-0.416366149936571,0.6901920254741382,-0.41376214492037683,0.6818469237294673,-0.4129760648473621,0.6870338285263422,-0.4140228047470855,0.68373436368859,0.41421356237309437,0.681792830507428
3.3165829145728645,-0.4146018252518094,0.6849313769518469,-0.41567152544399544,0.6890525869267314,-0.4136427209161801,0.6818295062274337,-0.4126392525000144,0.6860686110580945,-0.41391399086414865,0.6834243847342633,0.41421356237309437,0.681792830507428
3.3668341708542715,-0.41433124502068097,0.6844765542521761,-0.4151219287462937,0.6880311364958789,-0.4135385914483465,0.6818128202070416,-0.41240574714354256,0.6852311836361324,-0.41383349093061034,0.6831511656732895,0.41421356237309437,0.681792830507428
3.4170854271356785,-0.41410495740152903,0.6840656439870149,-0.41469488126483206,0.6871296692054648,-0.41344852351284506,0.6817933793330153,-0.41227310975287224,0.6845155306191198,-0.4137747445133589,0.6829098733008896,0.41421356237309437,0.681792830507428
3.4673366834170856,-0.41391489243571833,0.6836948628787933,-0.4143643669719694,0.6863412917647554,-0.4133709158576176,0.6817661410070575,-0.41222732919109834,0.6839155213332897,-0.4137323774690427,0.6826963883781583,0.41421356237309437,0.681792830507428
3.5175879396984926,-0.41375457305929614,0.6833609043529743,-0.41411428026133784,0.6856525168887585,-0.41330379898257835,0.6817245063678494,-0.41224156798226813,0.6834175925198718,-0.41370220194407004,0.6825073056320627,0.41421356237309437,0.681792830507428
3.5678391959798996,-0.4136191151029923,0.6830609385380524,-0.4139302404310246,0.6850511416515204,-0.41324495368084047,0.6816605293085369,-0.4123028059726945,0.6830065708315792,-0.4136812163746094,0.6823399337554437,0.41421356237309437,0.681792830507428
3.6180904522613067,-0.4135052272922192,0.6827926122655552,-0.41379959168357205,0.6845262474861254,-0.41320702587853064,0.6815946195983292,-0.4123994905439346,0.6826688263407678,-0.41366760548658943,0.6821922954070145,0.41421356237309437,0.681792830507428
3.6683417085427137,-0.41341121124707186,0.6825540490700427,-0.41371140312597754,0.6840682001846972,-0.41319498305791985,0.6815429009353725,-0.41252148880015216,0.6823922744213793,-0.4136607402956986,0.6820631272113622,0.41421356237309437,0.681792830507428
3.7185929648241207,-0.4133369614823277,0.6823438491891068,-0.41365646876969353,0.6836686498983972,-0.41320239475949266,0.6815025298948223,-0.41266008756811723,0.6821663757489421,-0.4136611781073855,0.6819518797589463,0.41421356237309437,0.681792830507428
3.7688442211055277,-0.41328396540744683,0.6821610895633723,-0.41362730753062765,0.6833205311374254,-0.41322356729859,0.6814709801340862,-0.4128079933972062,0.6819821363005711,-0.4136706625168589,0.6818587176061,0.41421356237309437,0.681792830507428
3.819095477386935,-0.41325530332657195,0.6820053238364963,-0.4136181632291424,0.6830180627710206,-0.4132535437654094,0.6814460423928239,-0.4129593325594019,0.6818321073549676,-0.41369212340908745,0.6817845192750289,0.41421356237309437,0.681792830507428
3.869346733668342,-0.4132556484385282,0.681876582355168,-0.41362500459005563,0.6827567480274599,-0.41328810402500477,0.6814258244929468,-0.41310965104929376,0.6817103854924187,-0.41372967695880003,0.6817308772538123,0.41421356237309437,0.681792830507428
3.919597989949749,-0.41328974931706824,0.6817753863243028,-0.41364552524264014,0.6825333744940588,-0.4133237647172865,0.6814087513386182,-0.41325591458407734,0.6816126125947988,-0.41378365999330147,0.6816987171004711,0.41421356237309437,0.681792830507428
3.969849246231156,-0.41334159249743346,0.681700941247331,-0.4136791437206238,0.6823460141171714,-0.41335777925702166,0.6813935649162537,-0.41339650860355476,0.6815359758455678,-0.413837972027445,0.6816825938945498,0.41421356237309437,0.681792830507428
4.020100502512563,-0.41340222425548667,0.6816486090919411,-0.41372700346218966,0.6821940232021905,-0.41338813783383355,0.6813793242945205,-0.41353123827013444,0.6814792077297728,-0.4138903260980242,0.681678551894817,0.41421356237309437,0.681792830507428
4.07035175879397,-0.413468488219309,0.6816137134585558,-0.41379197280997576,0.6820780424135469,-0.41341356741220214,0.6813654056243379,-0.4136613284688314,0.6814425860340465,-0.41394027046417,0.6816833624171176,0.41421356237309437,0.681792830507428
4.120603015075377,-0.4135376125213658,0.6815921011470191,-0.4138737511864553,0.6819983421762623,-0.41343353173146374,0.6813515021388772,-0.41378942380726685,0.6814279338466087,-0.4139874288235926,0.6816941573456743,0.41421356237309437,0.681792830507428
4.170854271356784,-0.4136072097985065,0.6815801421565963,-0.4139521234988907,0.6819461686618561,-0.4134482313058114,0.6813376241535615,-0.4139195886156686,0.6814386195572651,-0.41403150031258146,0.6817084291330877,0.41421356237309437,0.681792830507428
4.2211055276381915,-0.4136752771919648,0.6815747296859744,-0.41402449211425335,0.6819151517865737,-0.41345860342429425,0.681324099066066,-0.414044790013447,0.6814725300061508,-0.4140722595060053,0.6817240308003363,0.41421356237309437,0.681792830507428
4.2713567839195985,-0.4137401963473583,0.6815732801332617,-0.41409121899130297,0.6819002343689559,-0.4134663221508183,0.6813115713563177,-0.4141411320636088,0.6815141817369743,-0.41410955641731206,0.6817391759367762,0.41421356237309437,0.681792830507428
4.3216080402010055,-0.413800733414689,0.6815737330959878,-0.41415265113771477,0.6818969103840643,-0.4134737983241459,0.6813010025864957,-0.4142131036731351,0.6815603428082271,-0.4141433164985291,0.6817524387001415,0.41421356237309437,0.681792830507428
4.371859296482413,-0.4138560390483427,0.681574551371104,-0.41420912061007936,0.681901224963481,-0.4134841795578958,0.6812936714010309,-0.41426599065331876,0.681608717286093,-0.41417354064026274,0.681762753816544,0.41421356237309437,0.681792830507428
4.42211055276382,-0.4139056484070897,0.6815747209549828,-0.4142609445139027,0.6819097743953088,-0.4135013502405433,0.6812911735266063,-0.4143045532054982,0.6816572930611944,-0.4142003051716988,0.6817694165804737,0.41421356237309437,0.681792830507428
4.472361809045227,-0.41394948115408414,0.6815737510434184,-0.4143084250036064,0.6819197061241707,-0.4135299315354203,0.6812954217721567,-0.41433302592105703,0.6817043418485926,-0.4142237618606024,0.6817720828547982,0.41421356237309437,0.681792830507428
4.522613065326634,-0.4139878414568645,0.6815716740316261,-0.41435184928252716,0.681928718751211,-0.4135751811221655,0.6813086326185569,-0.41435511778142436,0.6817484191877877,-0.4142441379133176,0.6817707690707625,0.41421356237309437,0.681792830507428
4.572864321608041,-0.4140214179873532,0.6815690455142429,-0.41439148960291733,0.6819350620340938,-0.41362890799493046,0.6813306168281565,-0.41437401215807457,0.6817883644427182,-0.4142617359747681,0.6817658522279904,0.41421356237309437,0.681792830507428
4.623115577889448,-0.4140512839218569,0.6815669442853272,-0.41442760326594463,0.6819375368870044,-0.4136822332673851,0.6813585742270793,-0.41439236681252745,0.6818233008017612,-0.4142769341284566,0.6817580698944826,0.41421356237309437,0.681792830507428
4.673366834170855,-0.4140788969410665,0.6815669723383585,-0.4144604326216922,0.6819354953806483,-0.41373427685197645,0.6813904269331217,-0.4144123138963481,0.6818526352777328,-0.4142901858964652,0.6817485202066182,0.41421356237309437,0.681792830507428
4.723618090452262,-0.4141060992300567,0.6815712548662383,-0.4144902050691585,0.6819288407422519,-0.41378427557588976,0.6814243261793906,-0.41443545995114695,0.6818760587078876,-0.41430202023945517,0.6817386618691541,0.41421356237309437,0.681792830507428
4.773869346733669,-0.41413511747828663,0.681582440261289,-0.41451713305625765,0.6819180273555618,-0.41383158318104896,0.6814586523143039,-0.41446288590857994,0.6818935457539189,-0.4143130415566671,0.6817303141552247,0.41421356237309437,0.681792830507428
4.824120603015076,-0.41416856275139385,0.6816037000432296,-0.4145414140798189,0.6819040607608458,-0.4138756703241164,0.6814920148015903,-0.4144951470903482,0.6819053549019587,-0.41432392968592074,0.6817256569063426,0.41421356237309437,0.681792830507428
4.874371859296483,-0.41419375381284307,0.6816291480238161,-0.4145632306855872,0.6818884976548917,-0.41391612457649274,0.681523252220289,-0.41453227320819835,0.6819120284625776,-0.41433543990361527,0.681727230532398,0.41421356237309437,0.681792830507428
4.92462311557789,-0.4141992833919958,0.6816508042524315,-0.4145827504682226,0.6818734458910081,-0.4139526504243173,0.6815514322647502,-0.41457376836392223,0.6819143925707851,-0.4143484029247289,0.6817379360116591,0.41421356237309437,0.681792830507428
4.974874371859297,-0.41418944219212206,0.6816689425394669,-0.4146001260713009,0.6818615644790241,-0.41398506926846756,0.6815758517446349,-0.41461861104935727,0.6819135571860292,-0.41436044634224933,0.681757167244607,0.41421356237309437,0.681792830507428
5.025125628140704,-0.4141681874008075,0.6816838393440282,-0.4146154951873131,0.6818560635852898,-0.4140133194245599,0.6815960365849149,-0.414665254146386,0.6819109160921966,-0.41435834058174964,0.6817695993746816,0.41421356237309437,0.681792830507428
5.075376884422111,-0.41413914268995367,0.6816957737739368,-0.41462898055766567,0.6818607045326754,-0.4140374561229486,0.6816117418258724,-0.4147116249269364,0.6819081468976125,-0.414343780388172,0.681774759806884,0.41421356237309437,0.681792830507428
5.125628140703518,-0.4141055982157776,0.6817050275857288,-0.4146406899726806,0.681879799800572,-0.4140576515087269,0.6816229516231009,-0.41475512505298195,0.6819072110350413,-0.41432021117463946,0.6817743032481784,0.41421356237309437,0.681792830507428
5.175879396984925,-0.41407051061881217,0.6817118851846556,-0.4146430171652299,0.681902301536787,-0.4140741946417263,0.6816298792475044,-0.41479263057654125,0.6819103537616855,-0.41429076569695644,0.681769746961131,0.41421356237309437,0.681792830507428
5.226130653266332,-0.41403650302390616,0.6817166336246838,-0.4146306660670242,0.68191476670036,-0.4140874914965166,0.6816329670852976,-0.41482049193967846,0.6819201041591867,-0.41425826405360827,0.6817624707639097,0.41421356237309437,0.681792830507428
5.276381909547739,-0.4140058650402238,0.6817195626084949,-0.4146076330795001,0.6819195152587825,-0.4140980649624062,0.6816328866380063,-0.414834533974503,0.681939275133625,-0.41422521368576126,0.6817537170302845,0.41421356237309437,0.681792830507428
5.326633165829146,-0.41398055276124524,0.6817209644874853,-0.4145775141682484,0.6819186489444904,-0.414106554843442,0.6816305385224667,-0.41483040965870516,0.6819694093392108,-0.4141938093772631,0.6817445906896272,0.41421356237309437,0.681792830507428
5.376884422110553,-0.4139621887647663,0.681721134261767,-0.41454350308038174,0.6819140479758855,-0.4141137178584093,0.6816270524708259,-0.4148106946611911,0.6819917338514203,-0.41416593325464224,0.6817360592269116,0.41421356237309437,0.681792830507428
5.42713567839196,-0.41395206211289864,0.6817203695801666,-0.4145083913445341,0.6819073710573346,-0.41412042764083185,0.6816237873305419,-0.4147801639521177,0.6820023164530639,-0.4141431547871084,0.6817289526827133,0.41421356237309437,0.681792830507428
5.477386934673367,-0.4139511283520695,0.681718970740226,-0.41447456827086127,0.6819000553791696,-0.41412767473897183,0.6816223310643832,-0.41474230413983965,0.6820041101022684,-0.4141267307865524,0.68172396365321,0.41421356237309437,0.681792830507428
5.527638190954774,-0.4139600095130219,0.6817172406882023,-0.4144440209510404,0.6818933166176884,-0.41413656661582987,0.6816245007504296,-0.4147002111639706,0.6819997550765263,-0.414117605407546,0.6817216472901809,0.41421356237309437,0.681792830507428
5.577889447236181,-0.41397899411081474,0.6817154850190673,-0.4144183342582704,0.6818881489351533,-0.41414832764914516,0.6816323425820711,-0.4146565902953829,0.6819915789726966,-0.41411641014734224,0.6817224213010078,0.41421356237309437,0.681792830507428
5.628140703517588,-0.4140080371448224,0.6817140119765084,-0.41439869084727166,0.6818853249797926,-0.4141641844888664,0.6816480628704389,-0.4146137561362078,0.6819815967070034,-0.414123463845875,0.6817265659486739,0.41421356237309437,0.681792830507428
5.678391959798995,-0.41404676009873526,0.6817131324529275,-0.41438587115428616,0.6818853958857997,-0.4141697491414547,0.6816639690392442,-0.41457363261983554,0.6819715105150373,-0.4141387726857595,0.6817342240517643,0.41421356237309437,0.681792830507428
5.728643216080402,-0.41409445094055924,0.6817131599894423,-0.41438025339707757,0.6818886912733332,-0.41415700648212733,0.681674133807161,-0.414537753010915,0.6819627099517546,-0.4141620301922918,0.6817454009844663,0.41421356237309437,0.681792830507428
5.778894472361809,-0.4141500641226161,0.6817144107758848,-0.4143818135749309,0.681895319248517,-0.41412967629534575,0.6816793468481681,-0.41450725990535414,0.6819562718914771,-0.41419261723344925,0.681759964676569,0.41421356237309437,0.681792830507428
5.8291457286432165,-0.41421222058154333,0.6817172036508027,-0.41439012546865306,0.6819051664034406,-0.41409123232478867,0.6816803600012473,-0.4144829052303196,0.6819529605278931,-0.4142296020198901,0.6817776456134633,0.41421356237309437,0.681792830507428
5.8793969849246235,-0.4142792077382941,0.6817218601014585,-0.41440436064057223,0.6819178978161584,-0.41404490227335183,0.6816778872703844,-0.414465050244237,0.6819532273740562,-0.4142717401049539,0.681798036836142,0.41421356237309437,0.681792830507428
5.9296482412060305,-0.41434897949813726,0.6817287042638298,-0.41442328843453835,0.6819329570506905,-0.41399366780314834,0.6816726048245685,-0.4144536655367907,0.6819572112623863,-0.414317474384661,0.6818205939412002,0.41421356237309437,0.681792830507428
5.9798994974874375,-0.41441915625065767,0.6817380629226093,-0.41444527597592296,0.681949566157022,-0.41394026453550825,0.6816651509977925,-0.414448331028924,0.6819647383446689,-0.41436493509771305,0.6818446350808344,0.41421356237309437,0.681792830507428
6.030150753768845,-0.4144870248697556,0.681750265511205,-0.41446828817161907,0.6819667256711035,-0.4138871820509791,0.6816561262890526,-0.41444823597283903,0.6819753220920556,-0.4144119398254928,0.6818693409628434,0.41421356237309437,0.681792830507428
6.080402010050252,-0.41454953871364725,0.6817656441117395,-0.4144898877100413,0.6819832146148507,-0.4138366638893253,0.6816460933623488,-0.41445217895199676,0.6819881632950635,-0.4144559934920639,0.6818937548506275,0.41421356237309437,0.681792830507428
6.130653266331659,-0.41460331762486446,0.681784533455051,-0.41450723506112597,0.681997590496145,-0.4137907075495285,0.6816355770466848,-0.41445856788111707,0.6820021500635762,-0.4144942883641712,0.6819167825631894,0.41421356237309437,0.681792830507428
6.180904522613066,-0.4146446479302549,0.6818072709206924,-0.41451708847633073,0.6820081893088324,-0.4137510644897878,0.6816250643360672,-0.41446542000617864,0.6820158578268425,-0.41452370405124067,0.6819371924751335,0.41421356237309437,0.681792830507428
6.231155778894473,-0.4146694824409819,0.681834196536932,-0.41451580398863513,0.6820131255327252,-0.41371924012751915,0.681615004389507,-0.41447036190441905,0.6820275493334775,-0.41454080750537925,0.6819536155166661,0.41421356237309437,0.681792830507428
6.28140703517588,-0.4146734404525245,0.681865652980753,-0.41449933541254,0.6820102921336001,-0.4136964938393558,0.6816058085310182,-0.41447062948433466,0.6820351746514621,-0.41454185302137503,0.6819645451735953,0.41421356237309437,0.681792830507428
6.331658291457287,-0.4146532427991546,0.6818865557530183,-0.4144724822783477,0.6819989938265466,-0.41368383896114824,0.6815978502496186,-0.4144630679856808,0.682036371168143,-0.414523533705033,0.6819679671656509,0.41421356237309437,0.681792830507428
6.381909547738694,-0.41461276463516533,0.6818849885225269,-0.41444565871882294,0.6819816112649616,-0.41368204278796405,0.6815914651993294,-0.41444413197947155,0.6820284635902327,-0.41449476139263186,0.6819580998283516,0.41421356237309437,0.681792830507428
6.432160804020101,-0.41455773638996324,0.681866338312976,-0.4144194396036887,0.6819599701139227,-0.413691626574088,0.6815869511991758,-0.4144161149684798,0.68201106669713,-0.41446098131795683,0.6819362155318995,0.41421356237309437,0.681792830507428
6.482412060301508,-0.41449337236009137,0.6818355355881008,-0.41439429682050616,0.6819357224575331,-0.41371286553302206,0.6815845682331858,-0.4143925425847081,0.6819899297574877,-0.41442416962524575,0.6819056342924067,0.41421356237309437,0.681792830507428
6.532663316582915,-0.4144243706913261,0.6817970535719486,-0.4143706381732287,0.6819103512636335,-0.41374578883748536,0.6815845384503918,-0.41437345893510974,0.6819665698313793,-0.41438611327625313,0.6818693891827362,0.41421356237309437,0.681792830507428
6.582914572864322,-0.4143549133786773,0.6817549082488804,-0.41434880738220153,0.6818851703838023,-0.4137901796194142,0.6815870461648291,-0.41435818926824364,0.6819421061071249,-0.4143484100502501,0.681830226332501,0.41421356237309437,0.681792830507428
6.633165829145729,-0.4142886662663883,0.6817126583635698,-0.4143290840841621,0.6818613245533546,-0.41384557496996216,0.6815922378555371,-0.4143461020308151,0.6819175415279389,-0.4143124685440244,0.6817906049280651,0.41421356237309437,0.681792830507428
6.683417085427136,-0.41422877904793587,0.6816734054210033,-0.4143116838322396,0.6818397893913435,-0.41391126593949984,0.6816002221665584,-0.41433660886767604,0.6818937627919287,-0.41427950817188075,0.6817526972125422,0.41421356237309437,0.681792830507428
6.733668341708543,-0.4141778852660303,0.6816397936864805,-0.41429675809595556,0.6818213714005592,-0.4139862975376151,0.6816110699069391,-0.4143291646218248,0.6818715403520957,-0.4142505591656402,0.6817183884857967,0.41421356237309437,0.681792830507428
6.78391959798995,-0.4141381023126152,0.6816140101856142,-0.4142843942612234,0.6818067079675295,-0.41406946873311307,0.6816248140507293,-0.4143232673344062,0.6818515284163348,-0.4142264625746407,0.6816892771044436,0.41421356237309437,0.681792830507428
6.834170854271357,-0.4141110314288678,0.6815977847043295,-0.4142746156303484,0.6817962673625192,-0.4141593324540158,0.6816414497369824,-0.4143184582447117,0.6818342649474345,-0.41420787026573674,0.681666674481848,0.41421356237309437,0.681792830507428
6.884422110552764,-0.41409775770519863,0.6815923897888652,-0.4142673814220282,0.6817903487395308,-0.41425419558756277,0.6816609342697552,-0.4143143217901791,0.6818201716630768,-0.4141952449232996,0.6816516050881256,0.41421356237309437,0.681792830507428
6.934673366834171,-0.4140988500812518,0.6815986407457725,-0.4142625867713522,0.6817890821363043,-0.4143521189802105,0.6816831871181084,-0.4143104856063927,0.6818095540358377,-0.4141888600492173,0.6816448064501422,0.41421356237309437,0.681792830507428
6.984924623115578,-0.41411436134590474,0.6816168956419157,-0.41426006272980187,0.6817924284743166,-0.41445091743763285,0.6817080899161061,-0.4143066205270836,0.6818026012931863,-0.4141887999628942,0.6816467291515144,0.41421356237309437,0.681792830507428
7.035175879396985,-0.4141438281372685,0.6816470553044724,-0.4142595762652508,0.6818001795587827,-0.4145481597247206,0.6817354864628159,-0.414302440584129,0.6817993864174857,-0.4141949598012518,0.6816575368326087,0.41421356237309437,0.681792830507428
7.085427135678392,-0.41418627094268745,0.6816885633209327,-0.4142608302619646,0.6818119580786542,-0.41464116856558186,0.681765182722309,-0.41429770300755286,0.6817998661459926,-0.414207045518728,0.6816771061905424,0.41421356237309437,0.681792830507428
7.135678391959799,-0.41424019409873947,0.6817404060390998,-0.4142634635206007,0.6818272176066207,-0.41472702064354194,0.6817969468236604,-0.4142922082255255,0.6818038809708571,-0.41422457388727735,0.6817050269791832,0.41421356237309437,0.681792830507428
7.185929648241206,-0.4143035857912359,0.68180111256709,-0.4142670507582089,0.6818452425991087,-0.41480254660114335,0.6818305090609484,-0.41428579986436387,0.681811155139123,-0.41424687249637127,0.681740602009149,0.41421356237309437,0.681792830507428
7.236180904522613,-0.41437391805522145,0.6818687547733322,-0.4142711026082307,0.6818651483962826,-0.41486433104014564,0.681865561893255,-0.41427836474853136,0.681821296652728,-0.41427307975299765,0.681782847147808,0.41421356237309437,0.681792830507428
7.28643216080402,-0.4144481467749744,0.6819409472865688,-0.4142750656204998,0.681885881222044,-0.41490871252152567,0.6819017599446655,-0.41426983290063785,0.6818337972685028,-0.4143021448816613,0.6818304913192792,0.41421356237309437,0.681792830507428
7.336683417085427,-0.41452271168400645,0.6820148474958547,-0.41427832226124195,0.6819062181840315,-0.4149317835654774,0.6819387200042692,-0.4142601775414398,0.6818480324981724,-0.41433282792438353,0.6818819765044315,0.41421356237309437,0.681792830507428
7.386934673366834,-0.41459353636506274,0.6820871555505579,-0.4142801909130748,0.6819247672736217,-0.414929390651412,0.6819760210261586,-0.41424941508984,0.6818632616083549,-0.4143636997407023,0.6819354577408845,0.41421356237309437,0.681792830507428
7.437185929648241,-0.4146560282501218,0.6821541143603593,-0.41427992587500806,0.6819399673659281,-0.4148980570962089,0.682007272151018,-0.4142376051628879,0.6818786276205623,-0.4143931420076724,0.6819888031230081,0.41421356237309437,0.681792830507428
7.4874371859296485,-0.4147050786203958,0.6822115095952531,-0.41427671736244354,0.681950088219802,-0.41484229708971365,0.6820079323466369,-0.4142248505757794,0.6818931573112001,-0.41441934721986523,0.6820395938019229,0.41421356237309437,0.681792830507428
7.5376884422110555,-0.41473506260633014,0.6822546696855459,-0.41426969150717496,0.6819532304778316,-0.41476907895282134,0.681982196265793,-0.41421129734185697,0.6819057612115677,-0.4144403186893688,0.6820851239854993,0.41421356237309437,0.681792830507428
7.5879396984924625,-0.4147398391876038,0.6822784658218576,-0.41425791035738824,0.681947325666343,-0.4146845966562941,0.6819373789205813,-0.4141971346726095,0.6819152336078576,-0.4144538705457879,0.6821224009383585,0.41421356237309437,0.681792830507428
7.63819095477387,-0.4147127511931292,0.6822773119551211,-0.4142408370838809,0.6819305376625188,-0.41459443475562124,0.681880126253388,-0.41418259497767235,0.6819202525411562,-0.41445762773624406,0.682148144981872,0.41421356237309437,0.681792830507428
7.688442211055277,-0.4146533834881732,0.6822478518515822,-0.41423163945918146,0.6819135537517619,-0.41450356839101926,0.6818164151368911,-0.4141679538648275,0.6819193798074437,-0.41444902602537526,0.6821587894941619,0.41421356237309437,0.681792830507428
7.738693467336684,-0.4146001152039176,0.6822047758319087,-0.4142345680572841,0.6819014290260852,-0.4144163632874318,0.6817515533740595,-0.41415353014000333,0.6819110609575935,-0.41442531199533633,0.6821504809101001,0.41421356237309437,0.681792830507428
7.788944723618091,-0.41455865909058365,0.6821541263121692,-0.4142468527410141,0.6818933775150975,-0.4143365757545297,0.6816901796981538,-0.41413968580727484,0.681893625297373,-0.41438447310169224,0.6821197965307015,0.41421356237309437,0.681792830507428
7.839195979899498,-0.4145271940274677,0.6820989619047436,-0.41426593840790554,0.6818886623156836,-0.4142673526867109,0.6816362637727261,-0.4141333675863068,0.6818742250587402,-0.41434950537518,0.6820836482653685,0.41421356237309437,0.681792830507428
7.889447236180905,-0.41450401289634164,0.6820420422099678,-0.41428948499020135,0.6818865955920034,-0.4142112315631006,0.6815931061916194,-0.41414331638043017,0.6818656271147664,-0.41432898684545555,0.6820507359540818,0.41421356237309437,0.681792830507428
7.939698492462312,-0.4144875225814531,0.6819858278161325,-0.4143153674548532,0.6818865385754926,-0.41417014044755096,0.6815633384789683,-0.4141658650929398,0.6818658362337046,-0.41431977804112724,0.6820209831367887,0.41421356237309437,0.681792830507428
7.989949748743719,-0.41447624396952526,0.6819324802994837,-0.41434167580352155,0.6818879015648627,-0.41414539798864164,0.681548923089199,-0.4141974674080118,0.6818727890265235,-0.41431900247383047,0.6819942959650921,0.41421356237309437,0.681792830507428
8.040201005025127,-0.4144688119497569,0.6818838622242231,-0.4143667150725756,0.6818901439261003,-0.41413771341967914,0.6815511534070287,-0.41423488061220415,0.6818845852819782,-0.4143240466382279,0.6819705632022505,0.41421356237309437,0.681792830507428
8.090452261306533,-0.4144639754138225,0.6818415371425075,-0.4143890053330935,0.6818927740924677,-0.41414718655869737,0.6815706537474661,-0.4142751655944568,0.6818994879666102,-0.41433256001200935,0.681949656223178,0.41421356237309437,0.681792830507428
8.14070351758794,-0.4144605972558722,0.6818067695944487,-0.4144072816908619,0.6818953495645032,-0.4141733078084572,0.6816073793558114,-0.4143156868460916,0.6819159232247476,-0.41434245505589185,0.6819314290144446,0.41421356237309437,0.681792830507428
8.190954773869347,-0.4144576543725316,0.6817805251081144,-0.4144204942863765,0.6818974769100201,-0.4142149581564468,0.681660616407656,-0.4143541124608122,0.6819324803785052,-0.41435190721361936,0.6819157181742755,0.41421356237309437,0.681792830507428
8.241206030150755,-0.4144542376629021,0.6817634701995272,-0.4144278082948417,0.6818988117641076,-0.41427040917488156,0.6817289820088828,-0.4143884141347043,0.6819479119277839,-0.41435935491196335,0.6819023429125523,0.41421356237309437,0.681792830507428
8.291457286432161,-0.41444955202856065,0.6817559723726649,-0.4144286039261707,0.6818990588291304,-0.4143373230207038,0.681810424195666,-0.4144168671662354,0.6819611335502714,-0.41436349956072216,0.6818911050508114,0.41421356237309437,0.681792830507428
8.341708542713569,-0.4144429163735598,0.6817581001194611,-0.4144224764249854,0.6818979718747288,-0.41441275243558323,0.6819022219344711,-0.4144380504562549,0.6819712241014416,-0.4143633055527215,0.6818817890222457,0.41421356237309437,0.681792830507428
8.391959798994975,-0.4144337636044278,0.6817696229198044,-0.41440923607061664,0.6818953537378184,-0.4144931407459167,0.6820009851220552,-0.4144508465079942,0.6819774256145553,-0.41435800026381414,0.6818741618717031,0.41421356237309437,0.681792830507428
8.442211055276383,-0.41442164063016845,0.6817900112415385,-0.4143889081771039,0.681891056322591,-0.41457432186282805,0.6821026545854666,-0.4144544414270664,0.6819791433006595,-0.41434707405288,0.6818679732556875,0.41421356237309437,0.681792830507428
8.492462311557789,-0.41440620836226116,0.6818184365404628,-0.41436173309319546,0.6818849806005132,-0.4146515202821685,0.6822025020820448,-0.41444832492146666,0.6819759455485876,-0.4143302802618263,0.6818629554423584,0.41421356237309437,0.681792830507428
8.542713567839197,-0.4143872417146611,0.6818537712603318,-0.4143281662023485,0.6818770766103277,-0.4147193510845163,0.6822951302994211,-0.4144322903015721,0.6819675639249599,-0.4143076352155872,0.681858823311531,0.41421356237309437,0.681792830507428
8.592964824120603,-0.41436462960379905,0.6818945888328553,-0.41428887792272895,0.6818673434580527,-0.414771819935177,0.6823744728555178,-0.4144064344801415,0.6819538931741829,-0.4142794182221243,0.6818552743546761,0.41421356237309437,0.681792830507428
8.643216080402011,-0.41433837494858117,0.6819391636776984,-0.4142447537072114,0.6818558293169817,-0.414802323084183,0.6824337942985487,-0.4143711579723158,0.6819349912184494,-0.41424617157242605,0.6818519886749201,0.41421356237309437,0.681792830507428
8.693467336683417,-0.41430859467038955,0.6819854712024817,-0.41419689404337945,0.6818426314276842,-0.4148036473662944,0.6824656901070191,-0.4143271648956176,0.6819110791577392,-0.4142087005405084,0.6818486289870452,0.41421356237309437,0.681792830507428
8.743718592964825,-0.41427551969308174,0.6820311878027808,-0.41414661445352524,0.6818278960980049,-0.41476797020099787,0.6824620866897253,-0.4142754629699516,0.6818825412698183,-0.41416807338341416,0.6818448406174893,0.41421356237309437,0.681792830507428
8.793969849246231,-0.41423949494299095,0.682073690862127,-0.4140954454946499,0.6818118187030641,-0.41468997622104786,0.6824163865466166,-0.41421736351760435,0.6818499250102392,-0.4141256213412135,0.6818402515043458,0.41421356237309437,0.681792830507428
8.84422110552764,-0.4142009793489261,0.6821100587520066,-0.41404513275846316,0.681794643685258,-0.414613930325459,0.6823578456117939,-0.41415448146324424,0.6818139410123409,-0.41408293863700374,0.6818344721973638,0.41421356237309437,0.681792830507428
8.894472361809045,-0.41416054584217155,0.6821370708318611,-0.4139976368713837,0.6817766645542579,-0.4145543246056427,0.6822994764043202,-0.41408873533392154,0.6817754630872491,-0.41404188247690926,0.6818270958579482,0.41421356237309437,0.681792830507428
8.944723618090453,-0.41411888135648744,0.6821512074490876,-0.41395513349453894,0.6817582238870111,-0.41450806133050966,0.6822424477931636,-0.4140223472590685,0.6817355282238756,-0.41400457305008165,0.6818176982591594,0.41421356237309437,0.681792830507428
8.99497487437186,-0.41407678682810956,0.6821486499390386,-0.4139200133237651,0.6817397133277404,-0.41447230894318443,0.6821877780527842,-0.4139578429704993,0.681695336588919,-0.4139733935286998,0.6818058377857135,0.41421356237309437,0.681792830507428
9.045226130653267,-0.4140351771957491,0.6821252806250213,-0.41389488208960706,0.6817215735879438,-0.41444450206100497,0.6821363348631346,-0.41389805180240985,0.6816562515268643,-0.4139509900679695,0.6817910554339823,0.41421356237309437,0.681792830507428
9.095477386934673,-0.41399508140059327,0.6820766828182989,-0.41388256055731865,0.6817042944463952,-0.41442234147552276,0.6820888353096598,-0.41384610669137817,0.681619799559983,-0.41394027180612397,0.6817728748119934,0.41421356237309437,0.681792830507428
9.145728643216081,-0.4139611464597182,0.6820122958368063,-0.41388608452686243,0.6816884147491442,-0.41440379415250295,0.6820458458832966,-0.41380544417636406,0.6815876703883331,-0.41394302065063104,0.6817519239173156,0.41421356237309437,0.681792830507428
9.195979899497488,-0.4139393917001523,0.6819572797201576,-0.41390220120985494,0.6816756455185495,-0.4143870932319242,0.6820077824804747,-0.41377980439870915,0.6815617168897591,-0.41395148647870694,0.6817351413366959,0.41421356237309437,0.681792830507428
9.246231155778895,-0.4139274057577054,0.6819108068658224,-0.4139206971173569,0.681667574928895,-0.41437073802797864,0.6819749104031153,-0.41377323110213715,0.6815439551198921,-0.4139630243577768,0.6817229448553515,0.41421356237309437,0.681792830507428
9.296482412060302,-0.41392284720133865,0.6818714438288228,-0.41394061774337554,0.6816632607536265,-0.414353494029072,0.6819473443586326,-0.41379007163275355,0.6815365643121494,-0.4139766834435479,0.6817143866543125,0.41421356237309437,0.681792830507428
9.34673366834171,-0.4139236654751945,0.6818379211309298,-0.4139612803340926,0.6816618320520876,-0.41433439289782376,0.6819250484599325,-0.4138257568897833,0.6815388596788831,-0.4139916326908531,0.6817086305814101,0.41421356237309437,0.681792830507428
9.396984924623116,-0.4139281008985969,0.6818091332606633,-0.41398209669933117,0.6816625287034477,-0.41431273247106665,0.6819078362254135,-0.4138615445372068,0.6815447313930414,-0.4140071608536508,0.6817049521512762,0.41421356237309437,0.681792830507428
9.447236180904524,-0.4139346846660511,0.6817841386732922,-0.41400257321255524,0.681664701406701,-0.4142880767598471,0.6818953705789663,-0.41389635220541543,0.6815531923088346,-0.4140226764850251,0.6817027385453438,0.41421356237309437,0.681792830507428
9.49748743718593,-0.41394223884724385,0.6817621597908343,-0.41402231081087,0.6816678116806674,-0.4142602559494251,0.6818871638499737,-0.41392989455365475,0.6815635764890113,-0.4140377079371858,0.6817014886118468,0.41421356237309437,0.681792830507428
9.547738693467338,-0.41394987638704317,0.6817425830020561,-0.41404100499502167,0.6816714318639923,-0.41422936639927427,0.681882577773311,-0.413961932551379,0.6815753064709219,-0.41405190336146824,0.6817008128658198,0.41421356237309437,0.681792830507428
9.597989949748744,-0.41395700110549866,0.6817249586624734,-0.41405844582939755,0.6816752451151463,-0.4141957706430816,0.6818808234893456,-0.41399227347825107,0.6815878932665186,-0.4140650307083333,0.6817004334890985,0.41421356237309437,0.681792830507428
9.648241206030152,-0.4139633076978411,0.6817090010943503,-0.414074517942026,0.6816790454124255,-0.41416009738874776,0.6818809615439372,-0.41402077092414247,0.6816009363623553,-0.4140769777273676,0.6817001843303194,0.41421356237309437,0.681792830507428
9.698492462311558,-0.4139687817344829,0.6816945885867004,-0.4140892005245765,0.6816827375539513,-0.41412324151838703,0.6818819018884379,-0.41404732478913353,0.6816141237195878,-0.4140877519672834,0.6817000109049199,0.41421356237309437,0.681792830507428
9.748743718592966,-0.4139736996610176,0.6816817633952859,-0.41410256733235956,0.6816863371576707,-0.41408636408832705,0.6818824038796918,-0.414071881283513,0.6816272317739738,-0.4140974807759186,0.6816999703951386,0.41421356237309437,0.681792830507428
9.798994974874372,-0.4139786287982204,0.6816707317426177,-0.41411478668432683,0.6816899706613557,-0.41405089232910924,0.6818810762800355,-0.4140944329277785,0.6816401254358725,-0.41410641130023657,0.6817002316500145,0.41421356237309437,0.681792830507428
9.84924623115578,-0.4139844273420476,0.6816618638179562,-0.414126121463071,0.6816938753226043,-0.41401851964548836,0.6818763772572977,-0.4141150185526361,0.6816527580902452,-0.4141149104863265,0.6817010751853879,0.41421356237309437,0.681792830507428
9.899497487437186,-0.41399224436363724,0.6816556937773103,-0.4141369291148258,0.6816983992188392,-0.413991205616433,0.6818666143847993,-0.4141337232990007,0.6816651715966549,-0.41412346507940295,0.6817028931838999,0.41421356237309437,0.681792830507428
9.949748743718594,-0.4140035198093085,0.6816529197434376,-0.41414766164946615,0.6817040012473092,-0.41397117599512495,0.681849944641354,-0.41415067861799587,0.6816774962892662,-0.41413268162380645,0.6817061894949924,0.41421356237309437,0.681792830507428
10.0,-0.41401998450056204,0.681654403805845,-0.41415886564050786,0.6817112511250879,-0.4139609227089599,0.681824374411267,-0.41416606227095365,0.6816899509768459,-0.4141432864630029,0.6817115796349084,0.41421356237309437,0.681792830507428
